{"cameraMode":{"drawMode":0,"name":"Shaded","section":"Shading Mode"},"sceneLighting":false,"audioPlay":false,"sceneViewState":{"m_AlwaysRefresh":false,"showFog":true,"showSkybox":false,"showFlares":true,"showImageEffects":true,"showParticleSystems":true,"showVisualEffectGraphs":true,"m_FxEnabled":true},"in2DMode":false,"pivot":{"x":-0.04475577175617218,"y":4.2560553550720219,"z":-9.659005165100098},"rotation":{"x":-0.39544209837913515,"y":0.0370018407702446,"z":-0.017574550583958627,"w":-0.9179931282997131},"size":0.8331804275512695,"orthographic":false}